meaning,family,formula,direction,truth_prevalence,exact,majorant_entropy,two_sided_min,pairwise_preservation,edge_preservation,unconditional_pair,nearest_monotone_edit,edit_count,closure_inflation,closure_precision,chain_switch,chain_inversion,equal_distance_robustness,robustness_k1,robustness_k2,robustness_k3,robustness_k4,derivative_sign,context_mean,context_sd,context_coverage,best_simple_threshold,best_threshold_description,exception_code_proxy
all A are B,textbook,A <= B,RU,0.31640625,True,1.0,1.0,1.0,1.0,1.0,1.0,0,1.0,1.0,1.0,1.0,1.0,1.0,1.0,1.0,1.0,1.0,1.0,0.0,0.9375,1.0,-(A-B) size >= 0,1.0
all A are B,textbook,A <= B,LU,0.31640625,False,0.0,0.0,0.3216911764705882,0.5,0.6451923076923076,0.19753086419753085,65,0.0,0.31640625,1.0,0.25,0.234375,0.5,0.25,0.125,0.0625,0.0,0.23571825592885376,0.24343363555276945,1.0,0.703125,overlap >= 3,0.19641268572437054
all A are B,textbook,A <= B,RD,0.31640625,False,0.0,0.0,0.3216911764705882,0.5,0.6451923076923076,0.19753086419753085,65,0.0,0.31640625,1.0,0.25,0.234375,0.5,0.25,0.125,0.0625,0.0,0.23571825592885376,0.24343363555276945,1.0,0.68359375,-(overlap) >= 1,0.19641268572437054
all A are B,textbook,A <= B,LD,0.31640625,True,1.0,1.0,1.0,1.0,1.0,1.0,0,1.0,1.0,1.0,1.0,1.0,1.0,1.0,1.0,1.0,1.0,1.0,0.0,0.9375,1.0,-((A-B) size) >= 0,1.0
some A are B,textbook,|A & B| >= 1,RU,0.68359375,True,1.0,1.0,1.0,1.0,1.0,1.0,0,1.0,1.0,1.0,1.0,1.0,1.0,1.0,1.0,,1.0,1.0,0.0,0.9375,1.0,overlap >= 1,1.0
some A are B,textbook,|A & B| >= 1,LU,0.68359375,True,1.0,1.0,1.0,1.0,1.0,1.0,0,1.0,1.0,1.0,1.0,1.0,1.0,1.0,1.0,,1.0,1.0,0.0,0.9375,1.0,overlap >= 1,1.0
some A are B,textbook,|A & B| >= 1,RD,0.68359375,False,0.12265103249181153,0.0,0.5734104046242774,0.7326732673267327,0.6451923076923076,0.19753086419753085,65,0.19753086419753085,0.7291666666666666,1.0,0.25,0.37940656134578976,0.7326732673267327,0.509090909090909,0.27586206896551724,0.0,0.0,0.5605936454849498,0.10979410069007244,0.9375,0.703125,-((B-A) size) >= -2,0.19641268572437054
some A are B,textbook,|A & B| >= 1,LD,0.68359375,False,0.12265103249181153,0.0,0.5734104046242774,0.7326732673267327,0.6451923076923076,0.19753086419753085,65,0.19753086419753085,0.7291666666666666,1.0,0.25,0.37940656134578976,0.7326732673267327,0.509090909090909,0.27586206896551724,0.0,0.0,0.5605936454849498,0.10979410069007244,0.9375,0.703125,-((A-B) size) >= -2,0.19641268572437054
no A are B,textbook,|A & B| = 0,RU,0.31640625,False,0.0,0.0,0.3216911764705882,0.5,0.6451923076923076,0.19753086419753085,65,0.0,0.31640625,1.0,0.25,0.234375,0.5,0.25,0.125,0.0625,0.0,0.23571825592885376,0.24343363555276945,1.0,0.703125,(B-A) size >= 3,0.19641268572437054
no A are B,textbook,|A & B| = 0,LU,0.31640625,False,0.0,0.0,0.3216911764705882,0.5,0.6451923076923076,0.19753086419753085,65,0.0,0.31640625,1.0,0.25,0.234375,0.5,0.25,0.125,0.0625,0.0,0.23571825592885376,0.24343363555276945,1.0,0.703125,(A-B) size >= 3,0.19641268572437054
no A are B,textbook,|A & B| = 0,RD,0.31640625,True,1.0,1.0,1.0,1.0,1.0,1.0,0,1.0,1.0,1.0,1.0,1.0,1.0,1.0,1.0,1.0,1.0,1.0,0.0,0.9375,1.0,-(overlap) >= 0,1.0
no A are B,textbook,|A & B| = 0,LD,0.31640625,True,1.0,1.0,1.0,1.0,1.0,1.0,0,1.0,1.0,1.0,1.0,1.0,1.0,1.0,1.0,1.0,1.0,1.0,0.0,0.9375,1.0,-(overlap) >= 0,1.0
not all A are B,textbook,A not<= B,RU,0.68359375,False,0.12265103249181153,0.0,0.5734104046242774,0.7326732673267327,0.6451923076923076,0.19753086419753085,65,0.19753086419753085,0.7291666666666666,1.0,0.25,0.37940656134578976,0.7326732673267327,0.509090909090909,0.27586206896551724,0.0,0.0,0.5605936454849498,0.10979410069007244,0.9375,0.68359375,overlap >= 0,0.19641268572437054
not all A are B,textbook,A not<= B,LU,0.68359375,True,1.0,1.0,1.0,1.0,1.0,1.0,0,1.0,1.0,1.0,1.0,1.0,1.0,1.0,1.0,,1.0,1.0,0.0,0.9375,1.0,(A-B) size >= 1,1.0
not all A are B,textbook,A not<= B,RD,0.68359375,True,1.0,1.0,1.0,1.0,1.0,1.0,0,1.0,1.0,1.0,1.0,1.0,1.0,1.0,1.0,,1.0,1.0,0.0,0.9375,1.0,-(-(A-B) size) >= 1,1.0
not all A are B,textbook,A not<= B,LD,0.68359375,False,0.12265103249181153,0.0,0.5734104046242774,0.7326732673267327,0.6451923076923076,0.19753086419753085,65,0.19753086419753085,0.7291666666666666,1.0,0.25,0.37940656134578976,0.7326732673267327,0.509090909090909,0.27586206896551724,0.0,0.0,0.5605936454849497,0.10979410069007242,0.9375,0.703125,-(overlap) >= -2,0.19641268572437054
most A are B,proportional,|A & B| > |A - B|,RU,0.36328125,True,1.0,1.0,1.0,1.0,1.0,1.0,0,1.0,1.0,1.0,1.0,1.0,1.0,1.0,1.0,,1.0,1.0,0.0,0.9375,1.0,overlap - (A-B) >= 1,1.0
most A are B,proportional,|A & B| > |A - B|,LU,0.36328125,False,0.2789681615907471,0.2789681615907471,0.6768292682926829,0.6590909090909092,0.8980769230769231,0.6344086021505376,34,0.49693251533742333,0.5314285714285715,0.8125,0.8541666666666666,0.6363636363636364,0.6590909090909092,0.75,0.5,,0.5714285714285714,0.47822497420020643,0.3613386719497793,0.9375,0.8515625,overlap >= 2,0.44870018372368714
most A are B,proportional,|A & B| > |A - B|,RD,0.36328125,False,0.04485415499027745,0.0,0.2583732057416268,0.453125,0.5528846153846154,0.0,93,0.09815950920245398,0.3875,1.0,0.16666666666666663,0.16456330128205127,0.453125,0.16666666666666663,0.038461538461538436,0.0,0.0,0.24551314459049545,0.11057630799795375,0.9375,0.63671875,-(overlap) >= 1,0.0667379591087024
most A are B,proportional,|A & B| > |A - B|,LD,0.36328125,False,0.35153441360536797,0.0,0.5508684863523573,0.5918367346938775,0.8259615384615384,0.5376344086021505,43,0.5889570552147239,0.58125,0.8125,0.6458333333333333,0.37488226059654634,0.5918367346938775,0.6,0.3076923076923077,0.0,0.42857142857142855,0.37000613421666056,0.24119198424660704,0.9375,0.828125,-((A-B) size) >= 0,0.3609786345206779
at least two overlap,overlap threshold,|A & B| >= 2,RU,0.26171875,True,1.0,1.0,1.0,1.0,1.0,1.0,0,1.0,1.0,1.0,1.0,1.0,1.0,1.0,,,1.0,1.0,0.0,0.6875,1.0,overlap >= 2,1.0
at least two overlap,overlap threshold,|A & B| >= 2,LU,0.26171875,True,1.0,1.0,1.0,1.0,1.0,1.0,0,1.0,1.0,1.0,1.0,1.0,1.0,1.0,,,1.0,1.0,0.0,0.6875,1.0,overlap >= 2,1.0
at least two overlap,overlap threshold,|A & B| >= 2,RD,0.26171875,False,0.2054009552984316,0.0,0.22559652928416485,0.42553191489361697,0.6567307692307692,0.08955223880597019,61,0.42328042328042326,0.3806818181818182,1.0,0.375,0.13864104323953327,0.42553191489361697,0.12903225806451613,0.0,0.0,0.0,0.20892324888226527,0.06496066850637607,0.6875,0.73828125,-(overlap) >= 1,0.22175581037930714
at least two overlap,overlap threshold,|A & B| >= 2,LD,0.26171875,False,0.2054009552984316,0.0,0.22559652928416485,0.42553191489361697,0.6567307692307692,0.08955223880597019,61,0.42328042328042326,0.3806818181818182,1.0,0.375,0.13864104323953327,0.42553191489361697,0.12903225806451613,0.0,0.0,0.0,0.20892324888226527,0.06496066850637607,0.6875,0.73828125,-(overlap) >= 1,0.22175581037930714
at most one overlaps,overlap threshold,|A & B| <= 1,RU,0.73828125,False,0.0,0.0,0.6185897435897436,0.75,0.6567307692307692,0.08955223880597019,61,0.0,0.73828125,1.0,0.375,0.5046875,0.75,0.55,0.40625,0.3125,0.0,0.5870639534883721,0.31218463670917845,1.0,0.73828125,overlap >= 0,0.22175581037930714
at most one overlaps,overlap threshold,|A & B| <= 1,LU,0.73828125,False,0.0,0.0,0.6185897435897436,0.75,0.6567307692307692,0.08955223880597019,61,0.0,0.73828125,1.0,0.375,0.5046875,0.75,0.55,0.40625,0.3125,0.0,0.5870639534883721,0.31218463670917845,1.0,0.73828125,overlap >= 0,0.22175581037930714
at most one overlaps,overlap threshold,|A & B| <= 1,RD,0.73828125,True,1.0,1.0,1.0,1.0,1.0,1.0,0,1.0,1.0,1.0,1.0,1.0,1.0,1.0,1.0,1.0,1.0,1.0,0.0,1.0,1.0,-(overlap) >= -1,1.0
at most one overlaps,overlap threshold,|A & B| <= 1,LD,0.73828125,True,1.0,1.0,1.0,1.0,1.0,1.0,0,1.0,1.0,1.0,1.0,1.0,1.0,1.0,1.0,1.0,1.0,1.0,0.0,1.0,1.0,-(overlap) >= -1,1.0
exactly two overlap,overlap band,|A & B| = 2,RU,0.2109375,False,0.7500578341747343,0.3226406093532377,0.4375,0.5,0.948076923076923,0.7592592592592593,13,0.9356435643564356,0.8059701492537313,0.8958333333333334,0.9166666666666666,0.375,0.5,0.25,,,0.75,0.6363636363636364,0.4040088371507086,0.6875,0.94921875,overlap >= 2,0.7222819412082973
exactly two overlap,overlap band,|A & B| = 2,LU,0.2109375,False,0.7500578341747343,0.3226406093532377,0.4375,0.5,0.948076923076923,0.7592592592592593,13,0.9356435643564356,0.8059701492537313,0.8958333333333334,0.9166666666666666,0.375,0.5,0.25,,,0.75,0.6363636363636364,0.4040088371507086,0.6875,0.94921875,overlap >= 2,0.7222819412082973
exactly two overlap,overlap band,|A & B| = 2,RD,0.2109375,False,0.2151106350313965,0.0,0.12727272727272732,0.25,0.7230769230769231,0.01851851851851849,53,0.46039603960396036,0.3312883435582822,0.8958333333333334,0.5416666666666667,0.07386363636363635,0.25,0.045454545454545414,0.0,0.0,0.25,0.12159090909090908,0.046570117311923113,0.6875,0.7890625,-(overlap) >= 1,0.27827272165190753
exactly two overlap,overlap band,|A & B| = 2,LD,0.2109375,False,0.2151106350313965,0.0,0.12727272727272732,0.25,0.7230769230769231,0.01851851851851849,53,0.46039603960396036,0.3312883435582822,0.8958333333333334,0.5416666666666667,0.07386363636363635,0.25,0.045454545454545414,0.0,0.0,0.25,0.12159090909090908,0.046570117311923113,0.6875,0.7890625,-(overlap) >= 1,0.27827272165190753
between one and three overlap,overlap band,1 <= |A & B| <= 3,RU,0.6796875,False,0.9616172389694507,0.7515887799764417,0.9717741935483871,0.9864864864864865,0.9865384615384616,0.9878048780487805,1,0.9878048780487805,0.9942857142857143,0.9791666666666666,0.96875,0.9419240669240669,0.9864864864864865,0.9642857142857143,0.875,,0.9642857142857143,0.9813333333333334,0.06984427121978025,0.9375,0.99609375,overlap >= 1,0.9687280291047115
between one and three overlap,overlap band,1 <= |A & B| <= 3,LU,0.6796875,False,0.9616172389694507,0.7515887799764417,0.9717741935483871,0.9864864864864865,0.9865384615384616,0.9878048780487805,1,0.9878048780487805,0.9942857142857143,0.9791666666666666,0.96875,0.9419240669240669,0.9864864864864865,0.9642857142857143,0.875,,0.9642857142857143,0.9813333333333334,0.06984427121978025,0.9375,0.99609375,overlap >= 1,0.9687280291047115
between one and three overlap,overlap band,1 <= |A & B| <= 3,RD,0.6796875,False,0.12878399405887542,0.0,0.5670588235294118,0.73,0.6461538461538461,0.20731707317073167,65,0.20731707317073167,0.7280334728033473,0.9791666666666666,0.26041666666666663,0.37,0.73,0.5,0.25,0.0,0.03571428571428571,0.5573115942028986,0.10409627810852343,0.9375,0.69921875,-((B-A) size) >= -2,0.19641268572437054
between one and three overlap,overlap band,1 <= |A & B| <= 3,LD,0.6796875,False,0.12878399405887542,0.0,0.5670588235294118,0.73,0.6461538461538461,0.20731707317073167,65,0.20731707317073167,0.7280334728033473,0.9791666666666666,0.26041666666666663,0.37,0.73,0.5,0.25,0.0,0.03571428571428571,0.5573115942028986,0.10409627810852343,0.9375,0.69921875,-((A-B) size) >= -2,0.19641268572437054
even overlap,alternating,|A & B| mod 2 = 0,RU,0.53125,False,0.0,0.0,0.5,0.5,0.6923076923076923,0.3583333333333333,77,0.0,0.53125,0.6458333333333333,0.41666666666666663,0.5,0.5,0.5,0.5,0.5,0.4375,0.47853788454811463,0.14589886320223702,1.0,0.63671875,overlap >= 2,0.13108238619843626
even overlap,alternating,|A & B| mod 2 = 0,LU,0.53125,False,0.0,0.0,0.5,0.5,0.6923076923076923,0.3583333333333333,77,0.0,0.53125,0.6458333333333333,0.41666666666666663,0.5,0.5,0.5,0.5,0.5,0.4375,0.47853788454811463,0.14589886320223702,1.0,0.63671875,overlap >= 2,0.13108238619843626
even overlap,alternating,|A & B| mod 2 = 0,RD,0.53125,False,0.19536207613627388,0.19536207613627388,0.6153846153846154,0.5625,0.8076923076923077,0.5583333333333333,53,0.33333333333333337,0.6296296296296297,0.6458333333333333,0.75,0.734375,0.5625,0.625,0.75,1.0,0.5625,0.6345274893661991,0.24984955276603787,1.0,0.78515625,-(overlap) >= 0,0.27827272165190753
even overlap,alternating,|A & B| mod 2 = 0,LD,0.53125,False,0.19536207613627388,0.19536207613627388,0.6153846153846154,0.5625,0.8076923076923077,0.5583333333333333,53,0.33333333333333337,0.6296296296296297,0.6458333333333333,0.75,0.734375,0.5625,0.625,0.75,1.0,0.5625,0.6345274893661991,0.24984955276603787,1.0,0.78515625,-(overlap) >= 0,0.27827272165190753
B has at least two elements,cardinality threshold,|B| >= 2,RU,0.6875,True,1.0,1.0,1.0,1.0,1.0,1.0,0,1.0,1.0,1.0,1.0,1.0,1.0,1.0,,,1.0,1.0,0.0,1.0,1.0,B size >= 2,1.0
B has at least two elements,cardinality threshold,|B| >= 2,LU,0.6875,True,1.0,1.0,1.0,1.0,1.0,1.0,0,1.0,1.0,1.0,1.0,1.0,1.0,1.0,1.0,1.0,1.0,1.0,0.0,0.6875,0.74609375,overlap >= 1,1.0
B has at least two elements,cardinality threshold,|B| >= 2,RD,0.6875,False,0.0,0.0,0.360655737704918,0.5714285714285714,0.4,0.0,80,0.0,0.6875,1.0,0.0,0.20535714285714285,0.5714285714285714,0.25,0.0,0.0,0.0,0.360655737704918,0.0,1.0,0.6875,-(overlap) >= -4,0.11711436050762436
B has at least two elements,cardinality threshold,|B| >= 2,LD,0.6875,True,1.0,1.0,1.0,1.0,1.0,1.0,0,1.0,1.0,1.0,1.0,1.0,1.0,1.0,1.0,1.0,1.0,1.0,0.0,0.6875,0.76171875,-((A-B) size) >= -1,1.0
B threshold with one exception,near-monotone,"|B| >= 2 except (A=empty, B=M)",RU,0.68359375,False,0.9613985840585538,0.8027758422367515,0.9715909090909091,0.984375,0.9903846153846154,0.9876543209876543,1,0.9876543209876543,0.9943181818181818,0.9791666666666666,0.9791666666666666,0.9609375,0.984375,0.9375,,,0.9795918367346939,0.9715909090909091,0.11002793597180163,1.0,0.99609375,B size >= 2,0.9687280291047115
B threshold with one exception,near-monotone,"|B| >= 2 except (A=empty, B=M)",LU,0.68359375,True,1.0,1.0,1.0,1.0,1.0,1.0,0,1.0,1.0,1.0,1.0,1.0,1.0,1.0,1.0,1.0,1.0,1.0,0.0,0.6875,0.75,overlap >= 1,1.0
B threshold with one exception,near-monotone,"|B| >= 2 except (A=empty, B=M)",RD,0.68359375,False,0.007228621209681485,0.0,0.35587929240374605,0.5675675675675675,0.4048076923076923,0.012345679012345734,80,0.012345679012345734,0.6862745098039216,0.9791666666666666,0.02083333333333337,0.20141570141570142,0.5675675675675675,0.23809523809523814,0.0,0.0,0.02040816326530612,0.3544191019244476,0.02415438651412321,1.0,0.6875,-((B-A) size) >= -3,0.11711436050762436
B threshold with one exception,near-monotone,"|B| >= 2 except (A=empty, B=M)",LD,0.68359375,False,0.9613985840585538,0.7395985533460818,0.9790209790209791,0.9886363636363636,0.9855769230769231,0.9876543209876543,1,0.9876543209876543,0.9943181818181818,1.0,0.9583333333333334,0.9573863636363636,0.9886363636363636,0.9772727272727273,0.9545454545454546,0.9090909090909091,0.0,0.9790209790209791,0.06634148937416183,0.6875,0.7578125,-((A-B) size) >= -1,0.9687280291047115
B has one to three elements,cardinality band,1 <= |B| <= 3,RU,0.875,False,0.3905517906348065,0.0,0.72,0.8571428571428572,0.7846153846153846,0.5,16,0.5,0.9333333333333333,0.6666666666666667,0.5,0.507936507936508,0.8571428571428572,0.6666666666666667,0.0,,0.5,0.72,0.0,1.0,0.9375,B size >= 1,0.6751634828271341
B has one to three elements,cardinality band,1 <= |B| <= 3,LU,0.875,True,1.0,1.0,1.0,1.0,1.0,1.0,0,1.0,1.0,1.0,1.0,1.0,1.0,1.0,1.0,1.0,1.0,1.0,0.0,0.875,0.87890625,-(B-A) size >= -3,1.0
B has one to three elements,cardinality band,1 <= |B| <= 3,RD,0.875,False,0.3905517906348065,0.0,0.72,0.8571428571428572,0.7846153846153846,0.5,16,0.5,0.9333333333333333,0.6666666666666667,0.5,0.507936507936508,0.8571428571428572,0.6666666666666667,0.0,,0.5,0.72,0.0,1.0,0.9375,-(B size) >= -3,0.6751634828271341
B has one to three elements,cardinality band,1 <= |B| <= 3,LD,0.875,True,1.0,1.0,1.0,1.0,1.0,1.0,0,1.0,1.0,1.0,1.0,1.0,1.0,1.0,1.0,1.0,1.0,1.0,0.0,0.875,0.87890625,-(overlap) >= -3,1.0
B has even cardinality,alternating,|B| mod 2 = 0,RU,0.5,False,0.0,0.0,0.3939393939393939,0.0,0.6923076923076923,0.375,80,0.0,0.5,0.0,0.5,0.5,0.0,1.0,0.0,1.0,0.5,0.3939393939393939,0.0,1.0,0.6875,B size >= 2,0.11711436050762436
B has even cardinality,alternating,|B| mod 2 = 0,LU,0.5,True,1.0,1.0,1.0,1.0,1.0,1.0,0,1.0,1.0,1.0,1.0,1.0,1.0,1.0,1.0,1.0,1.0,1.0,0.0,0.5,0.63671875,overlap - (B-A) >= 0,1.0
B has even cardinality,alternating,|B| mod 2 = 0,RD,0.5,False,0.0,0.0,0.3939393939393939,0.0,0.6923076923076923,0.375,80,0.0,0.5,0.0,0.5,0.5,0.0,1.0,0.0,1.0,0.5,0.3939393939393939,0.0,1.0,0.6875,-(B size) >= -2,0.11711436050762436
B has even cardinality,alternating,|B| mod 2 = 0,LD,0.5,True,1.0,1.0,1.0,1.0,1.0,1.0,0,1.0,1.0,1.0,1.0,1.0,1.0,1.0,1.0,1.0,1.0,1.0,0.0,0.5,0.63671875,-(overlap - (B-A)) >= 0,1.0
A equals B,set relation,A = B,RU,0.0625,False,0.3274295335058224,0.04682579967065048,0.0,0.0,0.9375,0.0625,15,0.7291666666666667,0.19753086419753085,0.9375,0.8958333333333334,0.0,0.0,0.0,0.0,0.0,0.5,0.0,0.0,0.9375,0.94140625,overlap >= 4,0.6904745890548136
A equals B,set relation,A = B,LU,0.0625,False,0.3274295335058224,0.04682579967065048,0.0,0.0,0.9375,0.0625,15,0.7291666666666667,0.19753086419753085,0.9375,0.8958333333333334,0.0,0.0,0.0,0.0,0.0,0.5,0.0,0.0,0.9375,0.94140625,overlap >= 4,0.6904745890548136
A equals B,set relation,A = B,RD,0.0625,False,0.3274295335058224,0.04682579967065048,0.0,0.0,0.9375,0.0625,15,0.7291666666666667,0.19753086419753085,0.9375,0.8958333333333334,0.0,0.0,0.0,0.0,0.0,0.5,0.0,0.0,0.9375,0.9375,-(overlap) >= 1,0.6904745890548136
A equals B,set relation,A = B,LD,0.0625,False,0.3274295335058224,0.04682579967065048,0.0,0.0,0.9375,0.0625,15,0.7291666666666667,0.19753086419753085,0.9375,0.8958333333333334,0.0,0.0,0.0,0.0,0.0,0.5,0.0,0.0,0.9375,0.9375,-(overlap) >= 1,0.6904745890548136
A differs from B,set relation,A != B,RU,0.9375,False,0.04682579967065015,0.04682579967065015,0.9333333333333333,0.9333333333333333,0.9375,0.0625,15,0.0625,0.9411764705882353,0.9375,0.8958333333333334,0.9333333333333333,0.9333333333333333,0.9333333333333333,0.9333333333333333,0.9333333333333333,0.5,0.9357776669590143,0.056097459188056,1.0,0.9375,overlap >= 0,0.6904745890548136
A differs from B,set relation,A != B,LU,0.9375,False,0.04682579967065015,0.04682579967065015,0.9333333333333333,0.9333333333333333,0.9375,0.0625,15,0.0625,0.9411764705882353,0.9375,0.8958333333333334,0.9333333333333333,0.9333333333333333,0.9333333333333333,0.9333333333333333,0.9333333333333333,0.5,0.9357776669590143,0.056097459188056,1.0,0.9375,overlap >= 0,0.6904745890548136
A differs from B,set relation,A != B,RD,0.9375,False,0.04682579967065015,0.04682579967065015,0.9333333333333333,0.9333333333333333,0.9375,0.0625,15,0.0625,0.9411764705882353,0.9375,0.8958333333333334,0.9333333333333333,0.9333333333333333,0.9333333333333333,0.9333333333333333,0.9333333333333333,0.5,0.9357776669590143,0.056097459188056,1.0,0.94140625,-(overlap) >= -3,0.6904745890548136
A differs from B,set relation,A != B,LD,0.9375,False,0.04682579967065015,0.04682579967065015,0.9333333333333333,0.9333333333333333,0.9375,0.0625,15,0.0625,0.9411764705882353,0.9375,0.8958333333333334,0.9333333333333333,0.9333333333333333,0.9333333333333333,0.9333333333333333,0.9333333333333333,0.5,0.9357776669590143,0.056097459188056,1.0,0.94140625,-(overlap) >= -3,0.6904745890548136
A and B are comparable,set relation,A <= B or B <= A,RU,0.5703125,False,0.0,0.0,0.7033639143730888,0.7397260273972603,0.8134615384615385,0.5454545454545454,50,0.0,0.5703125,0.7708333333333334,0.6875,0.7734680922151687,0.7397260273972603,0.6341463414634146,0.72,1.0,0.5,0.6798273657289002,0.15403361040945665,1.0,0.74609375,-(A-B) size >= 0,0.30160166424072754
A and B are comparable,set relation,A <= B or B <= A,LU,0.5703125,False,0.0,0.0,0.7033639143730888,0.7397260273972603,0.8134615384615385,0.5454545454545454,50,0.0,0.5703125,0.7708333333333334,0.6875,0.7734680922151687,0.7397260273972603,0.6341463414634146,0.72,1.0,0.5,0.6798273657289002,0.15403361040945665,1.0,0.74609375,-(B-A) size >= 0,0.30160166424072754
A and B are comparable,set relation,A <= B or B <= A,RD,0.5703125,False,0.0,0.0,0.7033639143730888,0.7397260273972603,0.8134615384615385,0.5454545454545454,50,0.0,0.5703125,0.7708333333333334,0.6875,0.7734680922151687,0.7397260273972603,0.6341463414634146,0.72,1.0,0.5,0.6798273657289002,0.15403361040945665,1.0,0.74609375,-((B-A) size) >= 0,0.30160166424072754
A and B are comparable,set relation,A <= B or B <= A,LD,0.5703125,False,0.0,0.0,0.7033639143730888,0.7397260273972603,0.8134615384615385,0.5454545454545454,50,0.0,0.5703125,0.7708333333333334,0.6875,0.7734680922151687,0.7397260273972603,0.6341463414634146,0.72,1.0,0.5,0.6798273657289002,0.15403361040945665,1.0,0.74609375,-((A-B) size) >= 0,0.30160166424072754
A and B are incomparable,set relation,not (A <= B or B <= A),RU,0.4296875,False,0.4318444806994991,0.0,0.49740932642487046,0.6545454545454545,0.8134615384615385,0.5454545454545454,50,0.6575342465753424,0.6875,0.7708333333333334,0.6875,0.3341238471673254,0.6545454545454545,0.34782608695652173,0.0,,0.5,0.5122483628425903,0.09246667034639906,0.875,0.74609375,(B-A) size >= 1,0.30160166424072754
A and B are incomparable,set relation,not (A <= B or B <= A),LU,0.4296875,False,0.4318444806994991,0.0,0.49740932642487046,0.6545454545454545,0.8134615384615385,0.5454545454545454,50,0.6575342465753424,0.6875,0.7708333333333334,0.6875,0.3341238471673254,0.6545454545454545,0.34782608695652173,0.0,,0.5,0.5122483628425903,0.09246667034639906,0.875,0.74609375,(A-B) size >= 1,0.30160166424072754
A and B are incomparable,set relation,not (A <= B or B <= A),RD,0.4296875,False,0.4318444806994991,0.0,0.49740932642487046,0.6545454545454545,0.8134615384615385,0.5454545454545454,50,0.6575342465753424,0.6875,0.7708333333333334,0.6875,0.3341238471673254,0.6545454545454545,0.34782608695652173,0.0,,0.5,0.5122483628425902,0.09246667034639906,0.875,0.74609375,-(-(A-B) size) >= 1,0.30160166424072754
A and B are incomparable,set relation,not (A <= B or B <= A),LD,0.4296875,False,0.4318444806994991,0.0,0.49740932642487046,0.6545454545454545,0.8134615384615385,0.5454545454545454,50,0.6575342465753424,0.6875,0.7708333333333334,0.6875,0.3341238471673254,0.6545454545454545,0.34782608695652173,0.0,,0.5,0.5122483628425902,0.09246667034639906,0.875,0.74609375,-(-(B-A) size) >= 1,0.30160166424072754
both empty or both nonempty,boundary,(A != empty) iff (B != empty),RU,0.8828125,False,0.39263431970146334,0.39263431970146334,0.9803921568627451,0.9905660377358491,0.9855769230769231,0.9666666666666667,1,0.5,0.9377593360995851,1.0,0.9583333333333334,0.7265817268252666,0.9905660377358491,0.9782608695652174,0.9375,0.0,0.9375,0.9375,0.24206145913796356,1.0,0.9375,B size >= 1,0.9687280291047115
both empty or both nonempty,boundary,(A != empty) iff (B != empty),LU,0.8828125,False,0.39263431970146334,0.39263431970146334,0.9803921568627451,0.9905660377358491,0.9855769230769231,0.9666666666666667,1,0.5,0.9377593360995851,1.0,0.9583333333333334,0.7265817268252666,0.9905660377358491,0.9782608695652174,0.9375,0.0,0.9375,0.9375,0.24206145913796356,1.0,0.9375,A size >= 1,0.9687280291047115
both empty or both nonempty,boundary,(A != empty) iff (B != empty),RD,0.8828125,False,0.39263431970146334,0.0013504630760216019,0.7692307692307692,0.875,0.7836538461538461,0.5,15,0.5,0.9377593360995851,1.0,0.375,0.53125,0.875,0.75,0.5,0.0,0.0625,0.7692307692307694,2.220446049250313e-16,0.9375,0.88671875,-((B-A) size) >= -3,0.6904745890548136
both empty or both nonempty,boundary,(A != empty) iff (B != empty),LD,0.8828125,False,0.39263431970146334,0.0013504630760216019,0.7692307692307692,0.875,0.7836538461538461,0.5,15,0.5,0.9377593360995851,1.0,0.375,0.53125,0.875,0.75,0.5,0.0,0.0625,0.7692307692307694,2.220446049250313e-16,0.9375,0.88671875,-((A-B) size) >= -3,0.6904745890548136
tautology,endpoint,true,RU,1.0,True,1.0,1.0,1.0,1.0,1.0,1.0,0,1.0,1.0,1.0,1.0,1.0,1.0,1.0,1.0,1.0,1.0,1.0,0.0,1.0,1.0,overlap >= 0,1.0
tautology,endpoint,true,LU,1.0,True,1.0,1.0,1.0,1.0,1.0,1.0,0,1.0,1.0,1.0,1.0,1.0,1.0,1.0,1.0,1.0,1.0,1.0,0.0,1.0,1.0,overlap >= 0,1.0
tautology,endpoint,true,RD,1.0,True,1.0,1.0,1.0,1.0,1.0,1.0,0,1.0,1.0,1.0,1.0,1.0,1.0,1.0,1.0,1.0,1.0,1.0,0.0,1.0,1.0,-(overlap) >= -4,1.0
tautology,endpoint,true,LD,1.0,True,1.0,1.0,1.0,1.0,1.0,1.0,0,1.0,1.0,1.0,1.0,1.0,1.0,1.0,1.0,1.0,1.0,1.0,0.0,1.0,1.0,-(overlap) >= -4,1.0
contradiction,endpoint,false,RU,0.0,True,1.0,1.0,1.0,1.0,1.0,1.0,0,1.0,1.0,1.0,1.0,1.0,,,,,1.0,1.0,0.0,0.0,1.0,overlap >= 5,1.0
contradiction,endpoint,false,LU,0.0,True,1.0,1.0,1.0,1.0,1.0,1.0,0,1.0,1.0,1.0,1.0,1.0,,,,,1.0,1.0,0.0,0.0,1.0,overlap >= 5,1.0
contradiction,endpoint,false,RD,0.0,True,1.0,1.0,1.0,1.0,1.0,1.0,0,1.0,1.0,1.0,1.0,1.0,,,,,1.0,1.0,0.0,0.0,1.0,-(overlap) >= 1,1.0
contradiction,endpoint,false,LD,0.0,True,1.0,1.0,1.0,1.0,1.0,1.0,0,1.0,1.0,1.0,1.0,1.0,,,,,1.0,1.0,0.0,0.0,1.0,-(overlap) >= 1,1.0
