term_Q,term_not_Q,right_up_Q,left_up_Q,right_down_Q,left_down_Q,right_up_not_Q,left_up_not_Q,right_down_not_Q,left_down_not_Q,error_right_up_vs_not_down,error_left_up_vs_not_down,error_right_down_vs_not_up,error_left_down_vs_not_up,max_abs_mirror_error,mean_abs_mirror_error
"and(greater_than(cardinality(A), cardinality(B)), not(subset_eq(B, difference(A, A))))","subset_eq(index(cardinality(B), A), index(cardinality(difference(A, A)), A))",0.2748740283375283,1.0,0.7884895561525679,0.08009550968890278,0.0,0.0,0.0,1.0,0.2748740283375283,0.0,0.7884895561525679,0.08009550968890278,0.7884895561525679,0.2858647735447497
"and(not(subset_eq(A, B)), greater_than(cardinality(difference(B, A)), cardinality(A)))","or(subset_eq(A, B), subset_eq(index(cardinality(A), difference(B, A)), A))",0.6293991066688157,0.25398331735051727,0.6293991066688157,0.7105589451644925,0.0,0.0,0.0,0.0,0.6293991066688157,0.25398331735051727,0.6293991066688157,0.7105589451644925,0.7105589451644925,0.5558351189631603
"or(or(subset_eq(A, B), subset_eq(B, A)), subset_eq(A, difference(A, B)))","not(or(or(subset_eq(A, B), subset_eq(B, A)), subset_eq(A, difference(A, B))))",0.0,0.0,0.0,0.0,0.6578957833575159,0.6578957833575159,0.3653062605585373,0.3653062605585373,-0.3653062605585373,-0.3653062605585373,-0.6578957833575159,-0.6578957833575159,0.6578957833575159,0.5116010219580266
"and(and(not(subset_eq(B, A)), subset_eq(A, difference(A, B))), subset_eq(index(cardinality(A), union(A, B)), B))","subset_eq(index(cardinality(intersection(A, B)), index(cardinality(A), union(A, B))), A)",0.3798616432962063,0.02537556199692137,0.6365553926309926,0.9576271127255803,0.0,0.9425184024721647,0.27621497483058755,0.0,0.10364666846561876,0.02537556199692137,0.6365553926309926,0.015108710253415647,0.6365553926309926,0.1951715833367371
"and(not(subset_eq(B, difference(A, A))), subset_eq(index(cardinality(A), difference(B, A)), A))","or(subset_eq(B, difference(A, A)), greater_than(cardinality(difference(B, A)), cardinality(A)))",0.35582322545444867,1.0,0.6227620608727307,0.16907069063703362,0.0,0.0,0.6067938410799092,1.0,-0.2509706156254605,0.0,0.6227620608727307,0.16907069063703362,0.6227620608727307,0.2607008417838062
"subset_eq(index(cardinality(B), A), index(cardinality(B), union(A, B)))","not(subset_eq(index(cardinality(B), A), index(cardinality(B), union(A, B))))",0.0,0.0,0.0,0.0,0.37291990447156087,0.6213234515653441,0.6213234515653441,0.3442368963119181,-0.6213234515653441,-0.3442368963119181,-0.37291990447156087,-0.6213234515653441,0.6213234515653441,0.4899509259785418
"or(and(subset_eq(A, B), not(subset_eq(B, A))), greater_than(cardinality(A), cardinality(difference(B, A))))","or(and(not(subset_eq(A, B)), greater_than(cardinality(B), cardinality(A))), and(subset_eq(A, difference(A, B)), equals(cardinality(A), cardinality(B))))",0.013958544468007816,0.013958544468007816,0.0,0.0,0.45501432708332734,0.16326463485603104,0.40846442488688306,0.610553443850212,-0.39450588041887524,-0.5965948993822042,-0.45501432708332734,-0.16326463485603104,0.5965948993822042,0.4023449354351095
"or(and(subset_eq(B, A), not(subset_eq(A, B))), greater_than(cardinality(B), cardinality(difference(A, B))))","or(and(not(subset_eq(B, A)), greater_than(cardinality(A), cardinality(B))), and(subset_eq(A, difference(A, B)), equals(cardinality(A), cardinality(B))))",0.013958544468007816,0.013958544468007816,0.0,0.0,0.16326463485603104,0.45501432708332734,0.610553443850212,0.40846442488688306,-0.5965948993822042,-0.39450588041887524,-0.16326463485603104,-0.45501432708332734,0.5965948993822042,0.40234493543510946
"subset_eq(index(cardinality(B), difference(A, B)), B)","greater_than(cardinality(difference(A, B)), cardinality(B))",1.0,0.0,0.0,1.0,0.027555420506497064,1.0,1.0,0.5557908882359259,0.0,-0.5557908882359259,-0.027555420506497064,0.0,0.5557908882359259,0.14583657718560575
"subset_eq(index(cardinality(A), difference(B, A)), A)","greater_than(cardinality(difference(B, A)), cardinality(A))",0.0,1.0,1.0,0.0,1.0,0.027555420506497064,0.5557908882359259,1.0,-0.5557908882359259,0.0,0.0,-0.027555420506497064,0.5557908882359259,0.14583657718560575
"subset_eq(index(cardinality(A), union(A, B)), B)","not(subset_eq(index(cardinality(A), union(A, B)), B))",0.0,0.0,0.0,0.0,0.37476358951591726,0.42184649366971483,0.5324968139999786,0.4644101855250906,-0.5324968139999786,-0.4644101855250906,-0.37476358951591726,-0.42184649366971483,0.5324968139999786,0.44837927067767536
"subset_eq(index(cardinality(A), difference(B, A)), index(cardinality(B), union(A, B)))","not(subset_eq(index(cardinality(A), difference(B, A)), index(cardinality(B), union(A, B))))",0.0,1.0,1.0,0.0,1.0,0.025067964955491684,0.4926555354786645,1.0,-0.4926555354786645,0.0,0.0,-0.025067964955491684,0.4926555354786645,0.12943087510853904
"subset_eq(intersection(A, B), difference(A, index(cardinality(A), union(A, B))))","and(not(subset_eq(B, A)), subset_eq(index(cardinality(A), union(A, B)), intersection(A, B)))",0.0,0.0,0.49183072075131495,0.0,0.766911378429355,0.42184649366971483,0.2125938551804215,0.4644101855250906,-0.2125938551804215,-0.4644101855250906,-0.27508065767804,-0.42184649366971483,0.4644101855250906,0.3434827980133167
"equals(cardinality(intersection(A, B)), cardinality(difference(B, A)))","not(equals(cardinality(intersection(A, B)), cardinality(difference(B, A))))",0.0,0.6013459138087915,0.2622852231182985,0.6013459138087915,0.1479709544240677,0.1479709544240677,0.053095931704784216,0.1479709544240677,-0.053095931704784216,0.45337495938472383,0.11431426869423078,0.45337495938472383,0.45337495938472383,0.26854002979211566
"subset_eq(index(cardinality(A), union(A, B)), index(cardinality(A), B))","not(subset_eq(index(cardinality(A), union(A, B)), index(cardinality(A), B)))",0.0,0.0,0.0,0.0,0.38659630686880886,0.44160266264670434,0.44160266264670434,0.38659630686880886,-0.44160266264670434,-0.38659630686880886,-0.38659630686880886,-0.44160266264670434,0.44160266264670434,0.4140994847577566
"subset_eq(index(cardinality(B), union(A, B)), index(cardinality(B), A))","not(subset_eq(index(cardinality(B), union(A, B)), index(cardinality(B), A)))",0.0,0.0,0.0,0.0,0.44160266264670434,0.38659630686880886,0.38659630686880886,0.44160266264670434,-0.38659630686880886,-0.44160266264670434,-0.44160266264670434,-0.38659630686880886,0.44160266264670434,0.4140994847577566
"or(subset_eq(A, B), subset_eq(B, A))","not(or(subset_eq(A, B), subset_eq(B, A)))",0.0,0.0,0.0,0.0,0.4318444806994991,0.4318444806994991,0.4318444806994991,0.4318444806994991,-0.4318444806994991,-0.4318444806994991,-0.4318444806994991,-0.4318444806994991,0.4318444806994991,0.4318444806994991
"subset_eq(union(A, B), difference(A, A))","not(subset_eq(union(A, B), difference(A, A)))",0.428314266273062,0.428314266273062,1.0,1.0,1.0,1.0,0.0,0.0,0.428314266273062,0.428314266273062,0.0,0.0,0.428314266273062,0.214157133136531
"subset_eq(index(cardinality(B), union(A, B)), B)","not(subset_eq(index(cardinality(B), union(A, B)), B))",0.6063984596444105,0.0,0.0,0.664252085493646,0.04128988929906696,0.7066966098983997,0.7066966098983997,0.35906528728538756,-0.10029815025398914,-0.35906528728538756,-0.04128988929906696,-0.04244452440475366,0.35906528728538756,0.13577446281079933
"and(not(greater_than(cardinality(A), cardinality(B))), subset_eq(index(cardinality(A), B), A))","and(not(equals(cardinality(A), cardinality(B))), subset_eq(index(cardinality(A), B), difference(B, A)))",0.3607469942714854,0.17662470907757455,0.15738293260743297,0.3607469942714854,0.00558003073280644,0.00558003073280644,0.22142354872718684,0.028273269245759014,0.13932344554429854,0.14835143983181553,0.15180290187462653,0.35516696353867894,0.35516696353867894,0.19866118769735489
"and(not(greater_than(cardinality(B), cardinality(A))), greater_than(cardinality(difference(A, B)), cardinality(intersection(A, B))))","or(equals(cardinality(intersection(A, B)), cardinality(difference(A, B))), greater_than(cardinality(B), cardinality(difference(A, B))))",0.038015294801239,0.7054072644709242,1.0,0.3270841374407596,1.0,0.0,0.0,0.4508483789254357,0.038015294801239,0.25455888554548844,0.0,0.3270841374407596,0.3270841374407596,0.15491457944687176
"and(subset_eq(A, B), subset_eq(B, A))","not(and(subset_eq(A, B), subset_eq(B, A)))",0.3274295335058224,0.3274295335058224,0.3274295335058224,0.3274295335058224,0.04682579967065048,0.04682579967065048,0.04682579967065048,0.04682579967065048,0.2806037338351719,0.2806037338351719,0.2806037338351719,0.2806037338351719,0.2806037338351719,0.2806037338351719
"subset_eq(union(index(cardinality(A), B), index(cardinality(B), A)), difference(A, B))","and(not(equals(cardinality(A), cardinality(B))), subset_eq(index(cardinality(B), A), B))",0.0,0.5692181797326632,0.5692181797326632,0.07025150629826582,0.4433536392377533,0.06119932254927796,0.0073482206479210666,0.2890562085125632,-0.0073482206479210666,0.2801619712201,0.12586454049490992,0.009052183748987863,0.2801619712201,0.10560672902797971
"subset_eq(index(cardinality(B), union(A, B)), intersection(A, B))","not(subset_eq(index(cardinality(B), union(A, B)), intersection(A, B)))",0.6493353819288192,0.0,0.0,0.3344256868494355,0.06703741262941643,0.4377105822126396,0.7032401155141719,0.2760744717861372,-0.05390473358535264,-0.2760744717861372,-0.06703741262941643,-0.10328489536320407,0.2760744717861372,0.12507537834102758
"subset_eq(difference(B, A), index(cardinality(A), difference(B, A)))","not(subset_eq(difference(B, A), index(cardinality(A), difference(B, A))))",0.0,0.6111759406728261,1.0,0.0,1.0,0.1785956867446673,0.115170740269666,0.8828145566023111,-0.115170740269666,-0.271638615929485,0.0,-0.1785956867446673,0.271638615929485,0.14135126073595458
"subset_eq(difference(A, B), index(cardinality(B), difference(A, B)))","not(subset_eq(difference(A, B), index(cardinality(B), difference(A, B))))",0.6111759406728261,0.0,0.0,1.0,0.1785956867446673,1.0,0.8828145566023111,0.115170740269666,-0.271638615929485,-0.115170740269666,-0.1785956867446673,0.0,0.271638615929485,0.14135126073595458
"equals(cardinality(A), cardinality(B))","not(equals(cardinality(A), cardinality(B)))",0.2585332880754543,0.2585332880754543,0.2585332880754543,0.2585332880754543,0.008668846511404094,0.008668846511404094,0.008668846511404094,0.008668846511404094,0.2498644415640502,0.2498644415640502,0.2498644415640502,0.2498644415640502,0.2498644415640502,0.2498644415640502
"and(not(and(subset_eq(A, B), subset_eq(B, A))), subset_eq(index(cardinality(A), difference(B, A)), A))","or(and(subset_eq(A, B), subset_eq(B, A)), greater_than(cardinality(difference(B, A)), cardinality(A)))",0.16907069063703362,0.7002393803883846,0.6413914175415631,0.00985704154364997,0.5601415663504188,0.0,0.27809149322021154,0.5601415663504188,-0.10902080258317792,0.14009781403796584,0.08124985119114436,0.00985704154364997,0.14009781403796584,0.08505637733898452
"and(subset_eq(A, B), or(not(subset_eq(B, A)), subset_eq(A, difference(A, A))))","and(or(subset_eq(B, A), not(subset_eq(A, B))), not(subset_eq(A, difference(A, A))))",1.0,0.0,0.033899179898257525,1.0,0.1594376926441884,1.0,1.0,0.0,0.0,0.0,-0.12553851274593086,0.0,0.12553851274593086,0.031384628186482716
"subset_eq(A, B)","not(subset_eq(A, B))",1.0,0.0,0.0,1.0,0.12265103249181153,1.0,1.0,0.12265103249181153,0.0,-0.12265103249181153,-0.12265103249181153,0.0,0.12265103249181153,0.061325516245905765
"subset_eq(A, difference(A, B))","not(subset_eq(A, difference(A, B)))",0.0,0.0,1.0,1.0,1.0,1.0,0.12265103249181153,0.12265103249181153,-0.12265103249181153,-0.12265103249181153,0.0,0.0,0.12265103249181153,0.061325516245905765
"subset_eq(B, A)","not(subset_eq(B, A))",0.0,1.0,1.0,0.0,1.0,0.12265103249181153,0.12265103249181153,1.0,-0.12265103249181153,0.0,0.0,-0.12265103249181153,0.12265103249181153,0.061325516245905765
"subset_eq(index(cardinality(B), union(A, B)), index(cardinality(A), difference(B, A)))","not(subset_eq(index(cardinality(B), union(A, B)), index(cardinality(A), difference(B, A))))",0.9200584770735712,0.0,0.0,1.0,0.10840411772158809,1.0,0.8034910301169751,0.10840411772158809,0.11656744695659615,-0.10840411772158809,-0.10840411772158809,0.0,0.11656744695659615,0.08334392059994308
"or(and(subset_eq(A, B), subset_eq(B, A)), subset_eq(A, difference(A, A)))","not(or(and(subset_eq(A, B), subset_eq(B, A)), subset_eq(A, difference(A, A))))",0.42961090057805584,0.0,0.36089383677598874,0.42961090057805584,0.40617574161030545,0.5294186800885365,0.4358574548658428,0.022495048782703697,-0.006246554287786976,-0.022495048782703697,-0.04528190483431671,-0.0998077795104807,0.0998077795104807,0.04345782185382202
"or(not(subset_eq(B, A)), subset_eq(A, difference(A, A)))","and(subset_eq(B, A), not(subset_eq(A, difference(A, A))))",1.0,0.0,0.12464595026128611,1.0,0.03921248762911278,1.0,1.0,0.0,0.0,0.0,0.08543346263217333,0.0,0.08543346263217333,0.021358365658043332
"or(subset_eq(B, A), greater_than(cardinality(A), cardinality(B)))","not(or(subset_eq(B, A), greater_than(cardinality(A), cardinality(B))))",0.0,1.0,1.0,0.0,1.0,0.08239226169373826,0.08239226169373826,1.0,-0.08239226169373826,0.0,0.0,-0.08239226169373826,0.08239226169373826,0.04119613084686913
"or(subset_eq(A, difference(A, A)), greater_than(cardinality(B), cardinality(A)))","not(or(subset_eq(A, difference(A, A)), greater_than(cardinality(B), cardinality(A))))",1.0,0.0,0.04532271568534141,1.0,0.10080301862829544,1.0,1.0,0.0,0.0,0.0,-0.05548030294295403,0.0,0.05548030294295403,0.013870075735738507
"greater_than(cardinality(B), cardinality(A))","not(greater_than(cardinality(B), cardinality(A)))",1.0,0.04485415499027745,0.04485415499027745,1.0,0.0,1.0,1.0,0.0,0.0,0.04485415499027745,0.04485415499027745,0.0,0.04485415499027745,0.022427077495138725
"greater_than(cardinality(A), cardinality(B))","not(greater_than(cardinality(A), cardinality(B)))",0.04485415499027745,1.0,1.0,0.04485415499027745,1.0,0.0,0.0,1.0,0.04485415499027745,0.0,0.0,0.04485415499027745,0.04485415499027745,0.022427077495138725
"subset_eq(index(cardinality(A), B), index(cardinality(B), union(A, B)))","not(subset_eq(index(cardinality(A), B), index(cardinality(B), union(A, B))))",0.0,1.0,1.0,0.0,1.0,0.0376238972305325,0.0376238972305325,1.0,-0.0376238972305325,0.0,0.0,-0.0376238972305325,0.0376238972305325,0.01881194861526625
"and(subset_eq(A, B), not(subset_eq(B, A)))","or(subset_eq(B, A), not(subset_eq(A, B)))",1.0,0.03354386821316302,0.03354386821316302,1.0,0.0,1.0,1.0,0.0,0.0,0.03354386821316302,0.03354386821316302,0.0,0.03354386821316302,0.01677193410658151
"and(subset_eq(B, A), not(subset_eq(A, B)))","or(subset_eq(A, B), not(subset_eq(B, A)))",0.03354386821316302,1.0,1.0,0.03354386821316302,1.0,0.0,0.0,1.0,0.03354386821316302,0.0,0.0,0.03354386821316302,0.03354386821316302,0.01677193410658151
"subset_eq(A, difference(A, A))","not(subset_eq(A, difference(A, A)))",1.0,0.0,1.0,1.0,1.0,1.0,1.0,0.0,0.0,0.0,0.0,0.0,0.0,0.0
"subset_eq(B, difference(A, A))","not(subset_eq(B, difference(A, A)))",0.0,1.0,1.0,1.0,1.0,1.0,0.0,1.0,0.0,0.0,0.0,0.0,0.0,0.0
