term_D,term_U,down_D,up_D,leaning_D,down_U,up_U,leaning_U,directional_separation,opposition_residual,mirror_error_upD_downU,mirror_error_downD_upU,max_abs_mirror_error,auc_gap_U_minus_D
"subset_eq(A, difference(A, B))","not(subset_eq(A, difference(A, B)))",1.0,0.0,1.0,0.1226510324918115,1.0,-0.8773489675081885,1.8773489675081885,0.12265103249181153,-0.1226510324918115,0.0,0.1226510324918115,-5.717846851004765
"or(subset_eq(B, difference(A, A)), greater_than(cardinality(difference(B, A)), cardinality(A)))","and(not(subset_eq(B, difference(A, A))), subset_eq(index(cardinality(A), difference(B, A)), A))",1.0,0.0,1.0,0.6227620608727307,1.0,-0.37723793912726933,1.3772379391272693,0.6227620608727307,-0.6227620608727307,0.0,0.6227620608727307,-12.015322828337048
"and(and(not(subset_eq(B, A)), subset_eq(A, difference(A, B))), subset_eq(index(cardinality(A), union(A, B)), B))","subset_eq(index(cardinality(intersection(A, B)), index(cardinality(A), union(A, B))), A)",0.9576271127255804,0.3798616432962063,0.5777654694293741,0.2762149748305875,0.9425184024721648,-0.6663034276415774,1.2440688970709515,-0.08853795821220323,0.10364666846561882,0.015108710253415647,0.10364666846561882,-159.15028215385973
"subset_eq(index(cardinality(B), A), index(cardinality(difference(A, A)), A))","and(greater_than(cardinality(A), cardinality(B)), not(subset_eq(B, difference(A, A))))",1.0,0.0,1.0,0.7884895561525679,1.0,-0.21151044384743212,1.2115104438474322,0.7884895561525679,-0.7884895561525679,0.0,0.7884895561525679,83.33766712648594
"subset_eq(intersection(A, B), difference(A, index(cardinality(A), union(A, B))))","and(not(subset_eq(B, A)), subset_eq(index(cardinality(A), union(A, B)), intersection(A, B)))",0.4918307207513149,0.0,0.4918307207513149,0.4644101855250906,0.766911378429355,-0.30250119290426436,0.7943319136555793,0.18932952784705054,-0.4644101855250906,-0.2750806576780401,0.4644101855250906,449.3782137902126
"not(subset_eq(index(cardinality(B), union(A, B)), intersection(A, B)))","subset_eq(index(cardinality(B), union(A, B)), intersection(A, B))",0.7032401155141719,0.4377105822126396,0.2655295333015323,0.3344256868494355,0.6493353819288192,-0.3149096950793837,0.580439228380916,-0.04938016177785143,0.10328489536320407,0.05390473358535264,0.10328489536320407,14.994222984463704
"subset_eq(difference(B, A), index(cardinality(A), difference(B, A)))","not(subset_eq(difference(B, A), index(cardinality(A), difference(B, A))))",1.0,0.6111759406728261,0.3888240593271739,0.8828145566023111,1.0,-0.11718544339768888,0.5060095027248628,0.271638615929485,-0.271638615929485,0.0,0.271638615929485,14.572404458435585
"subset_eq(difference(A, B), index(cardinality(B), difference(A, B)))","not(subset_eq(difference(A, B), index(cardinality(B), difference(A, B))))",1.0,0.6111759406728261,0.3888240593271739,0.8828145566023111,1.0,-0.11718544339768888,0.5060095027248628,0.271638615929485,-0.271638615929485,0.0,0.271638615929485,7.981748750501708
"or(or(subset_eq(A, B), subset_eq(B, A)), subset_eq(A, difference(A, B)))","not(or(or(subset_eq(A, B), subset_eq(B, A)), subset_eq(A, difference(A, B))))",0.0,0.0,0.0,0.3653062605585373,0.6578957833575159,-0.29258952279897854,0.29258952279897854,-0.29258952279897854,-0.3653062605585373,-0.6578957833575159,0.6578957833575159,-34.63114320854902
"subset_eq(index(cardinality(B), union(A, B)), index(cardinality(A), difference(B, A)))","not(subset_eq(index(cardinality(B), union(A, B)), index(cardinality(A), difference(B, A))))",1.0,0.9200584770735712,0.07994152292642875,0.8034910301169751,1.0,-0.1965089698830249,0.27645049280945366,-0.11656744695659615,0.11656744695659615,0.0,0.11656744695659615,188.61310106905148
"and(not(equals(cardinality(A), cardinality(B))), subset_eq(index(cardinality(A), B), difference(B, A)))","and(not(greater_than(cardinality(A), cardinality(B))), subset_eq(index(cardinality(A), B), A))",0.2214235487271868,0.0055800307328064,0.2158435179943804,0.3607469942714854,0.3607469942714854,0.0,0.2158435179943804,0.2158435179943804,-0.355166963538679,-0.13932344554429857,0.355166963538679,172.66045802448934
"subset_eq(union(index(cardinality(A), B), index(cardinality(B), A)), difference(A, B))","and(not(equals(cardinality(A), cardinality(B))), subset_eq(index(cardinality(B), A), B))",0.5692181797326632,0.5692181797326632,0.0,0.2890562085125632,0.4433536392377533,-0.1542974307251901,0.1542974307251901,-0.1542974307251901,0.2801619712201,0.12586454049490992,0.2801619712201,24.865245306878933
"not(subset_eq(index(cardinality(A), union(A, B)), B))","subset_eq(index(cardinality(A), union(A, B)), B)",0.5324968139999786,0.4218464936697148,0.11065032033026384,0.0,0.0,0.0,0.11065032033026384,0.11065032033026384,0.4218464936697148,0.5324968139999786,0.5324968139999786,-222.44964675604206
"and(not(subset_eq(A, B)), greater_than(cardinality(difference(B, A)), cardinality(A)))","or(subset_eq(A, B), subset_eq(index(cardinality(A), difference(B, A)), A))",0.7105589451644925,0.6293991066688157,0.08115983849567676,0.0,0.0,0.0,0.08115983849567676,0.08115983849567676,0.6293991066688157,0.7105589451644925,0.7105589451644925,-72.42753360128609
"or(and(subset_eq(A, B), subset_eq(B, A)), greater_than(cardinality(difference(B, A)), cardinality(A)))","and(not(and(subset_eq(A, B), subset_eq(B, A))), subset_eq(index(cardinality(A), difference(B, A)), A))",0.5601415663504188,0.5601415663504188,0.0,0.6413914175415631,0.7002393803883846,-0.05884796284682148,0.05884796284682148,-0.05884796284682148,-0.08124985119114436,-0.14009781403796584,0.14009781403796584,126.5483800762795
"subset_eq(index(cardinality(B), union(A, B)), B)","not(subset_eq(index(cardinality(B), union(A, B)), B))",0.664252085493646,0.6063984596444105,0.05785362584923548,0.7066966098983997,0.7066966098983997,0.0,0.05785362584923548,0.05785362584923548,-0.10029815025398914,-0.04244452440475366,0.10029815025398914,-316.6392580992688
"subset_eq(index(cardinality(B), A), index(cardinality(B), union(A, B)))","not(subset_eq(index(cardinality(B), A), index(cardinality(B), union(A, B))))",0.0,0.0,0.0,0.6213234515653441,0.6213234515653441,0.0,0.0,0.0,-0.6213234515653441,-0.6213234515653441,0.6213234515653441,96.49387647740309
"equals(cardinality(intersection(A, B)), cardinality(difference(B, A)))","not(equals(cardinality(intersection(A, B)), cardinality(difference(B, A))))",0.6013459138087915,0.6013459138087915,0.0,0.1479709544240677,0.1479709544240677,0.0,0.0,0.0,0.45337495938472383,0.45337495938472383,0.45337495938472383,233.50365146010563
"subset_eq(index(cardinality(A), union(A, B)), index(cardinality(A), B))","not(subset_eq(index(cardinality(A), union(A, B)), index(cardinality(A), B)))",0.0,0.0,0.0,0.4416026626467043,0.4416026626467043,0.0,0.0,0.0,-0.4416026626467043,-0.4416026626467043,0.4416026626467043,39.61053645491302
"subset_eq(index(cardinality(B), union(A, B)), index(cardinality(B), A))","not(subset_eq(index(cardinality(B), union(A, B)), index(cardinality(B), A)))",0.0,0.0,0.0,0.4416026626467043,0.4416026626467043,0.0,0.0,0.0,-0.4416026626467043,-0.4416026626467043,0.4416026626467043,106.66218931573098
"or(subset_eq(A, B), subset_eq(B, A))","not(or(subset_eq(A, B), subset_eq(B, A)))",0.0,0.0,0.0,0.4318444806994991,0.4318444806994991,0.0,0.0,0.0,-0.4318444806994991,-0.4318444806994991,0.4318444806994991,-27.855408466258268
"equals(cardinality(A), cardinality(B))","not(equals(cardinality(A), cardinality(B)))",0.2585332880754543,0.2585332880754543,0.0,0.008668846511404,0.008668846511404,0.0,0.0,0.0,0.24986444156405027,0.24986444156405027,0.24986444156405027,-79.35581520626465
"subset_eq(index(cardinality(A), difference(B, A)), A)","greater_than(cardinality(difference(B, A)), cardinality(A))",1.0,1.0,0.0,1.0,1.0,0.0,0.0,0.0,0.0,0.0,0.0,6.377807740123899
"greater_than(cardinality(A), cardinality(B))","not(greater_than(cardinality(A), cardinality(B)))",1.0,1.0,0.0,1.0,1.0,0.0,0.0,0.0,0.0,0.0,0.0,-13.356548664682123
"subset_eq(index(cardinality(A), B), index(cardinality(B), union(A, B)))","not(subset_eq(index(cardinality(A), B), index(cardinality(B), union(A, B))))",1.0,1.0,0.0,1.0,1.0,0.0,0.0,0.0,0.0,0.0,0.0,-7.02541371055122
"and(subset_eq(A, B), not(subset_eq(B, A)))","or(subset_eq(B, A), not(subset_eq(A, B)))",1.0,1.0,0.0,1.0,1.0,0.0,0.0,0.0,0.0,0.0,0.0,1.3626547813494199
"or(subset_eq(A, difference(A, A)), greater_than(cardinality(B), cardinality(A)))","not(or(subset_eq(A, difference(A, A)), greater_than(cardinality(B), cardinality(A))))",1.0,1.0,0.0,1.0,1.0,0.0,0.0,0.0,0.0,0.0,0.0,-3.860290222327876
"subset_eq(index(cardinality(B), difference(A, B)), B)","greater_than(cardinality(difference(A, B)), cardinality(B))",1.0,1.0,0.0,1.0,1.0,0.0,0.0,0.0,0.0,0.0,0.0,-32.229835076275776
"subset_eq(B, A)","not(subset_eq(B, A))",1.0,1.0,0.0,1.0,1.0,0.0,0.0,0.0,0.0,0.0,0.0,-23.038438613921244
"subset_eq(A, B)","not(subset_eq(A, B))",1.0,1.0,0.0,1.0,1.0,0.0,0.0,0.0,0.0,0.0,0.0,-55.98472463685039
"greater_than(cardinality(B), cardinality(A))","not(greater_than(cardinality(B), cardinality(A)))",1.0,1.0,0.0,1.0,1.0,0.0,0.0,0.0,0.0,0.0,0.0,-54.83019978122002
"or(subset_eq(B, A), greater_than(cardinality(A), cardinality(B)))","not(or(subset_eq(B, A), greater_than(cardinality(A), cardinality(B))))",1.0,1.0,0.0,1.0,1.0,0.0,0.0,0.0,0.0,0.0,0.0,89.22321230312514
"and(subset_eq(B, A), not(subset_eq(A, B)))","or(subset_eq(A, B), not(subset_eq(B, A)))",1.0,1.0,0.0,1.0,1.0,0.0,0.0,0.0,0.0,0.0,0.0,67.93240140075773
"subset_eq(index(cardinality(A), difference(B, A)), index(cardinality(B), union(A, B)))","not(subset_eq(index(cardinality(A), difference(B, A)), index(cardinality(B), union(A, B))))",1.0,1.0,0.0,1.0,1.0,0.0,0.0,0.0,0.0,0.0,0.0,-49.595643742446555
"or(not(subset_eq(B, A)), subset_eq(A, difference(A, A)))","and(subset_eq(B, A), not(subset_eq(A, difference(A, A))))",1.0,1.0,0.0,1.0,1.0,0.0,0.0,0.0,0.0,0.0,0.0,32.14593791546372
"and(subset_eq(A, B), or(not(subset_eq(B, A)), subset_eq(A, difference(A, A))))","and(or(subset_eq(B, A), not(subset_eq(A, B))), not(subset_eq(A, difference(A, A))))",1.0,1.0,0.0,1.0,1.0,0.0,0.0,0.0,0.0,0.0,0.0,-12.616345058737352
