category,meaning,formula,expected_exact_directions,truth_prevalence,expected_RU,min_RU,majorant_RU,mean_RU,preservation_RU,expected_LU,min_LU,majorant_LU,mean_LU,preservation_LU,expected_RD,min_RD,majorant_RD,mean_RD,preservation_RD,expected_LD,min_LD,majorant_LD,mean_LD,preservation_LD,min_degree,max_nonexact_min_score
Aristotelian,all A are B,A <= B,"RU,LD",0.177978515625,True,1.0,1.0,1.0,1.0,False,0.0,0.0,0.029418655382837833,0.2260338345864662,False,0.0,0.0,0.029418655382837833,0.2260338345864662,True,1.0,1.0,1.0,1.0,1.0,0.0
Aristotelian,not all A are B,A not<= B,"LU,RD",0.822021484375,False,0.0,0.058837310765675666,0.029418655382837833,0.7058403286301125,True,1.0,1.0,1.0,1.0,True,1.0,1.0,1.0,1.0,False,0.0,0.058837310765675666,0.029418655382837833,0.7058403286301125,1.0,0.0
Aristotelian,no A are B,A intersect B = empty,"RD,LD",0.177978515625,False,0.0,0.0,0.029418655382837833,0.2260338345864662,False,0.0,0.0,0.029418655382837833,0.2260338345864662,True,1.0,1.0,1.0,1.0,True,1.0,1.0,1.0,1.0,1.0,0.0
Aristotelian,some A are B,A intersect B != empty,"RU,LU",0.822021484375,True,1.0,1.0,1.0,1.0,True,1.0,1.0,1.0,1.0,False,0.0,0.058837310765675666,0.029418655382837833,0.7058403286301125,False,0.0,0.058837310765675666,0.029418655382837833,0.7058403286301125,1.0,0.0
Aristotelian,all B are A,B <= A,"LU,RD",0.177978515625,False,0.0,0.0,0.029418655382837833,0.2260338345864662,True,1.0,1.0,1.0,1.0,True,1.0,1.0,1.0,1.0,False,0.0,0.0,0.029418655382837833,0.2260338345864662,1.0,0.0
Aristotelian,some A are not B,A - B != empty,"LU,RD",0.822021484375,False,0.0,0.058837310765675666,0.029418655382837833,0.7058403286301125,True,1.0,1.0,1.0,1.0,True,1.0,1.0,1.0,1.0,False,0.0,0.058837310765675666,0.029418655382837833,0.7058403286301125,1.0,0.0
Set relation,A proper-subset B,A < B,"RU,LD",0.162353515625,True,1.0,1.0,1.0,1.0,False,0.0,0.006294740762587958,0.003147370381293979,0.18986719134284313,False,0.0,0.006294740762587958,0.003147370381293979,0.18986719134284313,True,1.0,1.0,1.0,1.0,1.0,0.0
Set relation,A proper-superset B,A > B,"LU,RD",0.162353515625,False,0.0,0.006294740762587958,0.003147370381293979,0.18986719134284313,True,1.0,1.0,1.0,1.0,True,1.0,1.0,1.0,1.0,False,0.0,0.006294740762587958,0.003147370381293979,0.18986719134284313,1.0,0.0
Set relation,A equals B,A = B,none,0.015625,False,0.012638900800055253,0.34235461990569693,0.1774967603528761,0.0,False,0.012638900800055253,0.34235461990569693,0.1774967603528761,0.0,False,0.012638900800055253,0.34235461990569693,0.1774967603528761,0.0,False,0.012638900800055253,0.34235461990569693,0.1774967603528761,0.0,0.012638900800055253,0.012638900800055253
Set relation,A differs from B,A != B,none,0.984375,False,0.012638900800055253,0.012638900800055253,0.1774967603528761,0.9841269841269842,False,0.012638900800055253,0.012638900800055253,0.1774967603528761,0.9841269841269842,False,0.012638900800055253,0.012638900800055253,0.1774967603528761,0.9841269841269842,False,0.012638900800055253,0.012638900800055253,0.1774967603528761,0.9841269841269842,0.012638900800055253,0.012638900800055253
Set relation,A and B are comparable,A <= B or B <= A,none,0.34033203125,False,0.0,0.0,0.20142400086366308,0.5361972951471758,False,0.0,0.0,0.20142400086366308,0.5361972951471758,False,0.0,0.0,0.20142400086366308,0.5361972951471758,False,0.0,0.0,0.20142400086366308,0.5361972951471758,0.0,0.0
Set relation,A and B are incomparable,not (A <= B or B <= A),none,0.65966796875,False,0.0,0.40284800172732615,0.20142400086366308,0.6730229949523275,False,0.0,0.40284800172732615,0.20142400086366308,0.6730229949523275,False,0.0,0.40284800172732615,0.20142400086366308,0.6730229949523275,False,0.0,0.40284800172732615,0.20142400086366308,0.6730229949523275,0.0,0.0
Cardinality,more A than B,|A| > |B|,"LU,RD",0.38720703125,False,0.0,0.01158114399822574,0.00579057199911287,0.25793158777623804,True,1.0,1.0,1.0,1.0,True,1.0,1.0,1.0,1.0,False,0.0,0.01158114399822574,0.00579057199911287,0.25793158777623804,1.0,0.0
Cardinality,fewer A than B,|A| < |B|,"RU,LD",0.38720703125,True,1.0,1.0,1.0,1.0,False,0.0,0.01158114399822574,0.00579057199911287,0.25793158777623804,False,0.0,0.01158114399822574,0.00579057199911287,0.25793158777623804,True,1.0,1.0,1.0,1.0,1.0,0.0
Cardinality,at least as many A as B,|A| >= |B|,"LU,RD",0.61279296875,False,0.0,0.0,0.00579057199911287,0.4265787471468425,True,1.0,1.0,1.0,1.0,True,1.0,1.0,1.0,1.0,False,0.0,0.0,0.00579057199911287,0.4265787471468425,1.0,0.0
Cardinality,at most as many A as B,|A| <= |B|,"RU,LD",0.61279296875,True,1.0,1.0,1.0,1.0,False,0.0,0.0,0.00579057199911287,0.4265787471468425,False,0.0,0.0,0.00579057199911287,0.4265787471468425,True,1.0,1.0,1.0,1.0,1.0,0.0
Cardinality,same number of A and B,|A| = |B|,none,0.2255859375,False,0.0006811190293198877,0.24480704119207697,0.12274408011069843,0.0,False,0.0006811190293198877,0.24480704119207697,0.12274408011069843,0.0,False,0.0006811190293198877,0.24480704119207697,0.12274408011069843,0.0,False,0.0006811190293198877,0.24480704119207697,0.12274408011069843,0.0,0.0006811190293198877,0.0006811190293198877
Cardinality,different numbers of A and B,|A| != |B|,none,0.7744140625,False,0.0006811190293198877,0.0006811190293198877,0.12274408011069843,0.7661979997101029,False,0.0006811190293198877,0.0006811190293198877,0.12274408011069843,0.7661979997101029,False,0.0006811190293198877,0.0006811190293198877,0.12274408011069843,0.7661979997101029,False,0.0006811190293198877,0.0006811190293198877,0.12274408011069843,0.7661979997101029,0.0006811190293198877,0.0006811190293198877
Overlap count,at least two overlap,|A intersect B| >= 2,"RU,LU",0.466064453125,True,1.0,1.0,1.0,1.0,True,1.0,1.0,1.0,1.0,False,0.0,0.10780373837771029,0.053901869188855145,0.365687691711032,False,0.0,0.10780373837771029,0.053901869188855145,0.365687691711032,1.0,0.0
Overlap count,at most one overlaps,|A intersect B| <= 1,"RD,LD",0.533935546875,False,0.0,0.0,0.053901869188855145,0.4410649931651547,False,0.0,0.0,0.053901869188855145,0.4410649931651547,True,1.0,1.0,1.0,1.0,True,1.0,1.0,1.0,1.0,1.0,0.0
Overlap count,exactly one overlaps,|A intersect B| = 1,none,0.35595703125,False,0.07761951717519788,0.1361957225782967,0.1069076198767473,0.2709923664122137,False,0.07761951717519788,0.1361957225782967,0.1069076198767473,0.2709923664122137,False,0.0,0.5050878909290484,0.2525439454645242,0.43268698060941824,False,0.0,0.5050878909290484,0.2525439454645242,0.43268698060941824,0.07761951717519788,0.07761951717519788
Overlap count,exactly three overlap,|A intersect B| = 3,none,0.1318359375,False,0.21760874293652965,0.7699646808134893,0.4937867118750095,0.37755102040816324,False,0.21760874293652965,0.7699646808134893,0.4937867118750095,0.37755102040816324,False,0.0,0.1779522986843366,0.0889761493421683,0.07628865979381438,False,0.0,0.1779522986843366,0.0889761493421683,0.07628865979381438,0.21760874293652965,0.21760874293652965
Overlap count,exactly five overlap,|A intersect B| = 5,none,0.00439453125,False,0.6097478212200931,0.9661259773084855,0.7879368992642892,0.5,False,0.6097478212200931,0.9661259773084855,0.7879368992642892,0.5,False,0.0,0.34760307194757123,0.17380153597378561,0.008000000000000007,False,0.0,0.34760307194757123,0.17380153597378561,0.008000000000000007,0.6097478212200931,0.6097478212200931
Proportional,most A are B,|A intersect B| > |A - B|,RU,0.38720703125,True,1.0,1.0,1.0,1.0,False,0.1484381417125753,0.1484381417125753,0.2116364708688097,0.7136339592700344,False,0.0,0.01158114399822574,0.00579057199911287,0.25793158777623804,False,0.0,0.2870949427232997,0.14354747136164986,0.6264074289030761,1.0,0.1484381417125753
Proportional,at least half of A are B,|A intersect B| >= |A - B|,RU,0.61279296875,True,1.0,1.0,1.0,1.0,False,0.0,0.0,0.14354747136164986,0.7653812509112116,False,0.0,0.0,0.00579057199911287,0.4265787471468425,False,0.1484381417125753,0.2748348000250441,0.2116364708688097,0.8290169759178839,1.0,0.1484381417125753
Proportional,less than half of A are B,|A intersect B| < |A - B|,RD,0.38720703125,False,0.0,0.01158114399822574,0.00579057199911287,0.25793158777623804,False,0.1484381417125753,0.1484381417125753,0.2116364708688097,0.7136339592700344,True,1.0,1.0,1.0,1.0,False,0.0,0.2870949427232997,0.14354747136164986,0.6264074289030761,1.0,0.1484381417125753
Proportional,at most half of A are B,|A intersect B| <= |A - B|,RD,0.61279296875,False,0.0,0.0,0.00579057199911287,0.4265787471468425,False,0.0,0.0,0.14354747136164986,0.7653812509112116,True,1.0,1.0,1.0,1.0,False,0.1484381417125753,0.2748348000250441,0.2116364708688097,0.8290169759178839,1.0,0.1484381417125753
Boundary,both A and B are nonempty,A != empty and B != empty,"RU,LU",0.968994140625,True,1.0,1.0,1.0,1.0,True,1.0,1.0,1.0,1.0,False,0.0,0.42680915545019515,0.21340457772509758,0.9052631578947369,False,0.0,0.42680915545019515,0.21340457772509758,0.9052631578947369,1.0,0.0
Boundary,A or B is empty,A = empty or B = empty,"RD,LD",0.031005859375,False,0.0,0.0,0.21340457772509758,0.14350453172205435,False,0.0,0.0,0.21340457772509758,0.14350453172205435,True,1.0,1.0,1.0,1.0,True,1.0,1.0,1.0,1.0,1.0,0.0
Boundary,exactly one of A and B is nonempty,(A != empty) xor (B != empty),none,0.03076171875,False,5.55325693263331e-05,5.55325693263331e-05,0.21166317749448832,0.13169984686064318,False,5.55325693263331e-05,5.55325693263331e-05,0.21166317749448832,0.13169984686064318,False,0.4232708224196503,0.9896212050773796,0.7064460137485149,0.9052631578947369,False,0.4232708224196503,0.9896212050773796,0.7064460137485149,0.9052631578947369,0.4232708224196503,0.4232708224196503
Boundary,A and B are both empty or both nonempty,(A != empty) iff (B != empty),none,0.96923828125,False,0.4232708224196503,0.4232708224196503,0.7064460137485149,0.9983416252072969,False,0.4232708224196503,0.4232708224196503,0.7064460137485149,0.9983416252072969,False,5.55325693263331e-05,0.4232708224196503,0.21166317749448832,0.9052631578947369,False,5.55325693263331e-05,0.4232708224196503,0.21166317749448832,0.9052631578947369,0.4232708224196503,0.4232708224196503
Boolean combination,all or no A are B,A <= B or A intersect B = empty,LD,0.34033203125,False,0.0,0.0,0.24559129879783909,0.5361972951471758,False,0.0,0.0,0.027032610405139323,0.2614130434782609,False,0.0,0.0,0.24559129879783909,0.5361972951471758,True,1.0,1.0,1.0,1.0,1.0,0.0
Logical endpoint,tautology,true,"RU,LU,RD,LD",1.0,True,1.0,1.0,1.0,1.0,True,1.0,1.0,1.0,1.0,True,1.0,1.0,1.0,1.0,True,1.0,1.0,1.0,1.0,1.0,0.0
Logical endpoint,contradiction,false,"RU,LU,RD,LD",0.0,True,1.0,1.0,1.0,1.0,True,1.0,1.0,1.0,1.0,True,1.0,1.0,1.0,1.0,True,1.0,1.0,1.0,1.0,1.0,0.0
